{
  "urls": [
    "tim_cx.mp3"
  ],
  "sprite": {
    "FocusGroup": [
      0,
      6912.018140589569
    ],
    "LojaFuturo": [
      8000,
      7320
    ],
    "NPS": [
      17000,
      7872.018140589567
    ],
    "RealTime": [
      26000,
      10944.01360544218
    ],
    "TransformacaoDigital": [
      38000,
      7032.018140589571
    ],
    "aprovado": [
      47000,
      8135.986394557825
    ],
    "canais_diversos": [
      57000,
      17879.999999999996
    ],
    "comprar1": [
      76000,
      13704.013605442171
    ],
    "comprar2": [
      91000,
      10848.004535147396
    ],
    "comunicacao_intro": [
      103000,
      12648.004535147393
    ],
    "comunicar_forma_clara": [
      117000,
      29375.98639455783
    ],
    "conhecer_cliente": [
      148000,
      18672.018140589556
    ],
    "criar_interface": [
      168000,
      15215.98639455783
    ],
    "customizar_satisfazer": [
      185000,
      18479.99999999999
    ],
    "encantar_cliente": [
      205000,
      41664.01360544217
    ],
    "escolher1": [
      248000,
      16680.000000000007
    ],
    "escolher2": [
      266000,
      15335.986394557836
    ],
    "falar_lingua_cliente": [
      283000,
      24528.004535147375
    ],
    "guidelineCX": [
      309000,
      13152.018140589575
    ],
    "interacao_intro": [
      324000,
      14399.999999999978
    ],
    "manter1": [
      340000,
      33144.01360544218
    ],
    "manter2": [
      375000,
      16512.01814058959
    ],
    "menuItem1": [
      393000,
      5615.986394557808
    ],
    "menuItem2": [
      400000,
      2808.004535147404
    ],
    "menuItem3": [
      404000,
      3792.018140589562
    ],
    "menuintro": [
      409000,
      18072.018140589593
    ],
    "monitoramento_2": [
      429000,
      17952.018140589586
    ],
    "monitoramento_analitics": [
      448000,
      22920.000000000015
    ],
    "monitoramento_anim": [
      472000,
      41279.99999999997
    ],
    "monitoramento_avaliar": [
      515000,
      22128.004535147396
    ],
    "monitoramento_indicadores": [
      539000,
      24815.986394557855
    ],
    "monitoramento_informacao": [
      565000,
      22704.013605442127
    ],
    "monitoramento_intro": [
      589000,
      19944.01360544214
    ],
    "monitoramento_reter": [
      610000,
      28080.00000000004
    ],
    "otimizar_autoatendimento": [
      640000,
      14735.986394557813
    ],
    "ouvir_cliente": [
      656000,
      15600.000000000022
    ],
    "pesquisar1": [
      673000,
      18768.004535147382
    ],
    "pesquisar2": [
      693000,
      15695.986394557849
    ],
    "precisar1": [
      710000,
      20112.01814058961
    ],
    "precisar2": [
      732000,
      26784.013605442167
    ],
    "receber1": [
      760000,
      19608.004535147415
    ],
    "receber2": [
      781000,
      10224.013605442224
    ],
    "recomendar1": [
      793000,
      19104.01360544222
    ],
    "recomendar2": [
      814000,
      12600.000000000022
    ],
    "scene1": [
      828000,
      32519.99999999998
    ],
    "scene10": [
      862000,
      16272.01814058958
    ],
    "scene11": [
      880000,
      113688.00453514734
    ],
    "scene11_2": [
      995000,
      10968.00453514743
    ],
    "scene12": [
      1007000,
      59519.999999999985
    ],
    "scene13": [
      1068000,
      45935.986394557855
    ],
    "scene14": [
      1115000,
      4895.9863945578945
    ],
    "scene15_1": [
      1121000,
      13559.999999999945
    ],
    "scene16": [
      1136000,
      14664.013605442278
    ],
    "scene16_2": [
      1152000,
      6455.98639455784
    ],
    "scene17": [
      1160000,
      51504.0136054422
    ],
    "scene18": [
      1213000,
      38832.01814058953
    ],
    "scene2": [
      1253000,
      28920.000000000073
    ],
    "scene23": [
      1283000,
      33599.99999999991
    ],
    "scene23_1": [
      1318000,
      6359.9999999999
    ],
    "scene24": [
      1326000,
      10728.00453514742
    ],
    "scene25": [
      1338000,
      6504.013605442196
    ],
    "scene3": [
      1346000,
      71255.9863945578
    ],
    "scene4": [
      1419000,
      13055.986394557749
    ],
    "scene4DragAndDrop": [
      1434000,
      9720.000000000027
    ],
    "scene5": [
      1445000,
      28752.0181405896
    ],
    "scene6": [
      1475000,
      17664.013605442276
    ],
    "scene6Item1": [
      1494000,
      7368.004535147293
    ],
    "scene6Item2": [
      1503000,
      9215.98639455783
    ],
    "scene6Item3": [
      1514000,
      13968.00453514743
    ],
    "scene6_2": [
      1529000,
      13662.040816326453
    ],
    "scene7": [
      1544000,
      28200.000000000044
    ],
    "scene8": [
      1574000,
      18312.018140589542
    ],
    "scene9": [
      1594000,
      26759.999999999993
    ],
    "se_mudar": [
      1622000,
      29615.98639455792
    ],
    "usar1": [
      1653000,
      24215.986394557833
    ],
    "usar2": [
      1679000,
      19920.000000000073
    ],
    "usar_persona_tim": [
      1700000,
      44712.01814058964
    ],
    "viver_experiencia": [
      1746000,
      25079.999999999927
    ]
  }
}