{
  "urls": [
    "tim_cx.mp3"
  ],
  "sprite": {
    "FocusGroup": [
      0,
      7320
    ],
    "LojaFuturo": [
      9000,
      8568.004535147391
    ],
    "NPS": [
      19000,
      10872.018140589567
    ],
    "RealTime": [
      31000,
      10944.01360544218
    ],
    "TransformacaoDigital": [
      43000,
      7032.018140589571
    ],
    "aprovado": [
      52000,
      8135.986394557825
    ],
    "canais_diversos": [
      62000,
      17879.999999999996
    ],
    "comprar1": [
      81000,
      14615.986394557822
    ],
    "comprar2": [
      97000,
      10848.004535147396
    ],
    "comunicacao_intro": [
      109000,
      12648.004535147393
    ],
    "comunicar_forma_clara": [
      123000,
      29375.98639455783
    ],
    "conhecer_cliente": [
      154000,
      19968.0045351474
    ],
    "criar_interface": [
      175000,
      15215.98639455783
    ],
    "customizar_satisfazer": [
      192000,
      18479.99999999999
    ],
    "encantar_cliente": [
      212000,
      38112.01814058956
    ],
    "escolher1": [
      252000,
      16680.000000000007
    ],
    "escolher2": [
      270000,
      15335.986394557836
    ],
    "falar_lingua_cliente": [
      287000,
      24528.004535147375
    ],
    "guidelineCX": [
      313000,
      15408.004535147371
    ],
    "interacao_intro": [
      330000,
      14399.999999999978
    ],
    "manter1": [
      346000,
      33144.01360544218
    ],
    "manter2": [
      381000,
      16512.01814058959
    ],
    "menuItem1": [
      399000,
      5615.986394557808
    ],
    "menuItem2": [
      406000,
      2808.004535147404
    ],
    "menuItem3": [
      410000,
      3792.018140589562
    ],
    "menuintro": [
      415000,
      18072.018140589593
    ],
    "monitoramento_2": [
      435000,
      17855.986394557818
    ],
    "monitoramento_analitics": [
      454000,
      23279.99999999997
    ],
    "monitoramento_anim": [
      479000,
      44879.99999999999
    ],
    "monitoramento_avaliar": [
      525000,
      22128.004535147396
    ],
    "monitoramento_indicadores": [
      549000,
      24815.986394557855
    ],
    "monitoramento_informacao": [
      575000,
      22704.013605442127
    ],
    "monitoramento_intro": [
      599000,
      19944.01360544214
    ],
    "monitoramento_reter": [
      620000,
      28080.00000000004
    ],
    "otimizar_autoatendimento": [
      650000,
      14735.986394557813
    ],
    "ouvir_cliente": [
      666000,
      16824.01360544213
    ],
    "pesquisar1": [
      684000,
      19464.013605442233
    ],
    "pesquisar2": [
      705000,
      15695.986394557849
    ],
    "precisar1": [
      722000,
      21120.000000000004
    ],
    "precisar2": [
      745000,
      26784.013605442167
    ],
    "receber1": [
      773000,
      21552.018140589553
    ],
    "receber2": [
      796000,
      10224.013605442224
    ],
    "recomendar1": [
      808000,
      19559.999999999945
    ],
    "recomendar2": [
      829000,
      12408.004535147371
    ],
    "scene1": [
      843000,
      32519.99999999998
    ],
    "scene10": [
      877000,
      16272.01814058958
    ],
    "scene11": [
      895000,
      126768.00453514738
    ],
    "scene11_2": [
      1023000,
      10968.00453514743
    ],
    "scene12": [
      1035000,
      60215.98639455783
    ],
    "scene13": [
      1097000,
      49008.0045351474
    ],
    "scene14": [
      1148000,
      4895.9863945578945
    ],
    "scene15_1": [
      1154000,
      13559.999999999945
    ],
    "scene16": [
      1169000,
      14664.013605442278
    ],
    "scene16_2": [
      1185000,
      6455.98639455784
    ],
    "scene17": [
      1193000,
      56184.01360544226
    ],
    "scene18": [
      1251000,
      39215.98639455783
    ],
    "scene2": [
      1292000,
      28392.01814058947
    ],
    "scene23": [
      1322000,
      37464.01360544223
    ],
    "scene23_1": [
      1361000,
      6624.013605442087
    ],
    "scene24": [
      1369000,
      11519.999999999982
    ],
    "scene25": [
      1382000,
      5112.018140589498
    ],
    "scene3": [
      1389000,
      73728.00453514743
    ],
    "scene4": [
      1464000,
      13055.986394557749
    ],
    "scene4DragAndDrop": [
      1479000,
      9720.000000000027
    ],
    "scene5": [
      1490000,
      28752.0181405896
    ],
    "scene6": [
      1520000,
      17664.013605442276
    ],
    "scene6Item1": [
      1539000,
      7368.004535147293
    ],
    "scene6Item2": [
      1548000,
      9215.98639455783
    ],
    "scene6Item3": [
      1559000,
      13968.00453514743
    ],
    "scene6_2": [
      1574000,
      13662.040816326453
    ],
    "scene7": [
      1589000,
      29975.98639455782
    ],
    "scene8": [
      1620000,
      18312.018140589542
    ],
    "scene9": [
      1640000,
      27455.98639455784
    ],
    "se_mudar": [
      1669000,
      29615.98639455792
    ],
    "usar1": [
      1700000,
      26400.00000000009
    ],
    "usar2": [
      1728000,
      19920.000000000073
    ],
    "usar_persona_tim": [
      1749000,
      44712.01814058964
    ],
    "viver_experiencia": [
      1795000,
      25079.999999999927
    ]
  }
}