{
  "urls": [
    "tim_cx.mp3"
  ],
  "sprite": {
    "FocusGroup": [
      0,
      6912.018140589569
    ],
    "LojaFuturo": [
      8000,
      7320
    ],
    "NPS": [
      17000,
      7872.018140589567
    ],
    "RealTime": [
      26000,
      10944.01360544218
    ],
    "TransformacaoDigital": [
      38000,
      7032.018140589571
    ],
    "aprovado": [
      47000,
      8135.986394557825
    ],
    "guidelineCX": [
      57000,
      13152.018140589575
    ],
    "menuItem1": [
      72000,
      5615.986394557823
    ],
    "menuItem2": [
      79000,
      2808.00453514739
    ],
    "menuintro": [
      83000,
      18072.018140589564
    ],
    "scene1": [
      103000,
      32520.00000000001
    ],
    "scene10": [
      137000,
      16272.01814058958
    ],
    "scene11": [
      155000,
      110064.01360544215
    ],
    "scene11Click": [
      267000,
      3528.0045351473746
    ],
    "scene11_2": [
      272000,
      10968.004535147373
    ],
    "scene12": [
      284000,
      24792.018140589564
    ],
    "scene12_1": [
      310000,
      34752.0181405896
    ],
    "scene13": [
      346000,
      44975.986394557825
    ],
    "scene14": [
      392000,
      4895.986394557838
    ],
    "scene2": [
      398000,
      28920.000000000015
    ],
    "scene20_1": [
      428000,
      13560.000000000002
    ],
    "scene3": [
      443000,
      71255.9863945578
    ],
    "scene4": [
      516000,
      13055.986394557862
    ],
    "scene4DragAndDrop": [
      531000,
      9720.000000000027
    ],
    "scene5": [
      542000,
      28752.0181405896
    ],
    "scene6": [
      572000,
      17664.013605442164
    ],
    "scene6Item1": [
      591000,
      7368.004535147406
    ],
    "scene6Item2": [
      600000,
      9215.98639455783
    ],
    "scene6Item3": [
      611000,
      13968.00453514743
    ],
    "scene6_2": [
      626000,
      13272.01814058958
    ],
    "scene7": [
      641000,
      25992.018140589607
    ],
    "scene8": [
      668000,
      18312.018140589542
    ],
    "scene9": [
      688000,
      26759.999999999993
    ]
  }
}