{
  "urls": [
    "tim_cx.mp3"
  ],
  "sprite": {
    "FocusGroup": [
      0,
      7320
    ],
    "LojaFuturo": [
      9000,
      8568.004535147391
    ],
    "NPS": [
      19000,
      10872.018140589567
    ],
    "RealTime": [
      31000,
      10944.01360544218
    ],
    "TransformacaoDigital": [
      43000,
      7032.018140589571
    ],
    "aprovado": [
      52000,
      8135.986394557825
    ],
    "canais_diversos": [
      62000,
      17879.999999999996
    ],
    "comprar1": [
      81000,
      14615.986394557822
    ],
    "comprar2": [
      97000,
      10848.004535147396
    ],
    "comunicacao_intro": [
      109000,
      12648.004535147393
    ],
    "comunicar_forma_clara": [
      123000,
      29375.98639455783
    ],
    "conhecer_cliente": [
      154000,
      19968.0045351474
    ],
    "criar_interface": [
      175000,
      15215.98639455783
    ],
    "customizar_satisfazer": [
      192000,
      18479.99999999999
    ],
    "encantar_cliente": [
      212000,
      44208.00453514738
    ],
    "escolher1": [
      258000,
      16680.000000000007
    ],
    "escolher2": [
      276000,
      15335.986394557836
    ],
    "falar_lingua_cliente": [
      293000,
      24528.004535147375
    ],
    "guidelineCX": [
      319000,
      15408.004535147371
    ],
    "interacao_intro": [
      336000,
      14399.999999999978
    ],
    "manter1": [
      352000,
      33144.01360544218
    ],
    "manter2": [
      387000,
      16512.01814058959
    ],
    "menuItem1": [
      405000,
      5615.986394557808
    ],
    "menuItem2": [
      412000,
      2808.004535147404
    ],
    "menuItem3": [
      416000,
      3792.018140589562
    ],
    "menuintro": [
      421000,
      18072.018140589593
    ],
    "monitoramento_2": [
      441000,
      17855.986394557818
    ],
    "monitoramento_analitics": [
      460000,
      23279.99999999997
    ],
    "monitoramento_anim": [
      485000,
      44879.99999999999
    ],
    "monitoramento_avaliar": [
      531000,
      22128.004535147396
    ],
    "monitoramento_indicadores": [
      555000,
      24815.986394557855
    ],
    "monitoramento_informacao": [
      581000,
      22704.013605442127
    ],
    "monitoramento_intro": [
      605000,
      19944.01360544214
    ],
    "monitoramento_reter": [
      626000,
      28080.00000000004
    ],
    "otimizar_autoatendimento": [
      656000,
      14735.986394557813
    ],
    "ouvir_cliente": [
      672000,
      16824.01360544213
    ],
    "pesquisar1": [
      690000,
      19464.013605442233
    ],
    "pesquisar2": [
      711000,
      15695.986394557849
    ],
    "precisar1": [
      728000,
      21120.000000000004
    ],
    "precisar2": [
      751000,
      26784.013605442167
    ],
    "receber1": [
      779000,
      21552.018140589553
    ],
    "receber2": [
      802000,
      10224.013605442224
    ],
    "recomendar1": [
      814000,
      19559.999999999945
    ],
    "recomendar2": [
      835000,
      12408.004535147371
    ],
    "scene1": [
      849000,
      32519.99999999998
    ],
    "scene10": [
      883000,
      16272.01814058958
    ],
    "scene11": [
      901000,
      126000
    ],
    "scene11_2": [
      1028000,
      10968.00453514743
    ],
    "scene12": [
      1040000,
      60215.98639455783
    ],
    "scene13": [
      1102000,
      49008.0045351474
    ],
    "scene14": [
      1153000,
      4895.9863945578945
    ],
    "scene15_1": [
      1159000,
      13559.999999999945
    ],
    "scene16": [
      1174000,
      14664.013605442278
    ],
    "scene16_2": [
      1190000,
      6455.98639455784
    ],
    "scene17": [
      1198000,
      56184.01360544226
    ],
    "scene18": [
      1256000,
      39215.98639455783
    ],
    "scene2": [
      1297000,
      28392.01814058947
    ],
    "scene23": [
      1327000,
      37464.01360544223
    ],
    "scene23_1": [
      1366000,
      6624.013605442087
    ],
    "scene24": [
      1374000,
      11519.999999999982
    ],
    "scene25": [
      1387000,
      5112.018140589498
    ],
    "scene3": [
      1394000,
      73728.00453514743
    ],
    "scene4": [
      1469000,
      13055.986394557749
    ],
    "scene4DragAndDrop": [
      1484000,
      9720.000000000027
    ],
    "scene5": [
      1495000,
      28752.0181405896
    ],
    "scene6": [
      1525000,
      17664.013605442276
    ],
    "scene6Item1": [
      1544000,
      7368.004535147293
    ],
    "scene6Item2": [
      1553000,
      9215.98639455783
    ],
    "scene6Item3": [
      1564000,
      13968.00453514743
    ],
    "scene6_2": [
      1579000,
      13662.040816326453
    ],
    "scene7": [
      1594000,
      32208.00453514744
    ],
    "scene8": [
      1628000,
      18312.018140589542
    ],
    "scene9": [
      1648000,
      27455.98639455784
    ],
    "se_mudar": [
      1677000,
      29615.98639455792
    ],
    "usar1": [
      1708000,
      26400.00000000009
    ],
    "usar2": [
      1736000,
      19920.000000000073
    ],
    "usar_persona_tim": [
      1757000,
      44712.01814058964
    ],
    "viver_experiencia": [
      1803000,
      25079.999999999927
    ]
  }
}