{
  "urls": [
    "tim_cx.mp3"
  ],
  "sprite": {
    "FocusGroup": [
      0,
      6912.018140589569
    ],
    "LojaFuturo": [
      8000,
      7320
    ],
    "NPS": [
      17000,
      7872.018140589567
    ],
    "RealTime": [
      26000,
      10944.01360544218
    ],
    "TransformacaoDigital": [
      38000,
      7032.018140589571
    ],
    "aprovado": [
      47000,
      8135.986394557825
    ],
    "guidelineCX": [
      57000,
      13152.018140589575
    ],
    "menuItem1": [
      72000,
      5615.986394557823
    ],
    "menuintro": [
      79000,
      18072.018140589564
    ],
    "sce": [
      99000,
      28752.01814058957
    ],
    "scene1": [
      129000,
      32520.00000000001
    ],
    "scene10": [
      163000,
      16272.01814058958
    ],
    "scene11": [
      181000,
      110064.01360544215
    ],
    "scene11Click": [
      293000,
      3528.0045351473746
    ],
    "scene11_2": [
      298000,
      10968.004535147373
    ],
    "scene12": [
      310000,
      24792.018140589564
    ],
    "scene12_1": [
      336000,
      34752.0181405896
    ],
    "scene2": [
      372000,
      28920.000000000015
    ],
    "scene3": [
      402000,
      71255.9863945578
    ],
    "scene4": [
      475000,
      13055.986394557805
    ],
    "scene4DragAndDrop": [
      490000,
      9720.000000000027
    ],
    "scene6": [
      501000,
      17664.013605442164
    ],
    "scene6Item1": [
      520000,
      7368.004535147406
    ],
    "scene6Item2": [
      529000,
      9215.98639455783
    ],
    "scene6Item3": [
      540000,
      13968.00453514743
    ],
    "scene6_2": [
      555000,
      13272.01814058958
    ],
    "scene7": [
      570000,
      25992.018140589607
    ],
    "scene8": [
      597000,
      18312.018140589542
    ],
    "scene9": [
      617000,
      26759.999999999993
    ]
  }
}