{
  "urls": [
    "tim_cx.mp3"
  ],
  "sprite": {
    "FocusGroup": [
      0,
      6912.018140589569
    ],
    "LojaFuturo": [
      8000,
      7320
    ],
    "NPS": [
      17000,
      7872.018140589567
    ],
    "RealTime": [
      26000,
      10944.01360544218
    ],
    "TransformacaoDigital": [
      38000,
      7032.018140589571
    ],
    "aprovado": [
      47000,
      8135.986394557825
    ],
    "comprar1": [
      57000,
      13704.013605442171
    ],
    "comprar2": [
      72000,
      10848.004535147396
    ],
    "comunicacao_intro": [
      84000,
      12648.004535147393
    ],
    "comunicar_forma_clara": [
      98000,
      29375.98639455783
    ],
    "encantar_cliente": [
      129000,
      41664.01360544217
    ],
    "escolher1": [
      172000,
      16680.000000000007
    ],
    "escolher2": [
      190000,
      15335.986394557836
    ],
    "falar_lingua_cliente": [
      207000,
      24528.004535147404
    ],
    "guidelineCX": [
      233000,
      13152.018140589575
    ],
    "manter1": [
      248000,
      33144.01360544218
    ],
    "manter2": [
      283000,
      16512.01814058959
    ],
    "menuItem1": [
      301000,
      5615.986394557808
    ],
    "menuItem2": [
      308000,
      2808.004535147404
    ],
    "menuItem3": [
      312000,
      3792.018140589562
    ],
    "menuintro": [
      317000,
      18072.018140589593
    ],
    "pesquisar1": [
      337000,
      18768.004535147382
    ],
    "pesquisar2": [
      357000,
      15695.986394557849
    ],
    "precisar1": [
      374000,
      20112.018140589556
    ],
    "precisar2": [
      396000,
      26784.013605442167
    ],
    "receber1": [
      424000,
      19608.004535147415
    ],
    "receber2": [
      445000,
      10224.013605442167
    ],
    "recomendar1": [
      457000,
      19104.013605442164
    ],
    "recomendar2": [
      478000,
      12600.000000000022
    ],
    "scene1": [
      492000,
      32519.99999999998
    ],
    "scene10": [
      526000,
      16272.01814058958
    ],
    "scene11": [
      544000,
      113568.00453514734
    ],
    "scene11_2": [
      659000,
      10968.00453514743
    ],
    "scene12": [
      671000,
      59519.999999999985
    ],
    "scene13": [
      732000,
      44975.986394557825
    ],
    "scene14": [
      778000,
      4895.986394557781
    ],
    "scene15_1": [
      784000,
      13559.999999999945
    ],
    "scene16": [
      799000,
      14664.013605442164
    ],
    "scene16_2": [
      815000,
      6455.98639455784
    ],
    "scene17": [
      823000,
      51504.0136054422
    ],
    "scene18": [
      876000,
      38832.01814058953
    ],
    "scene2": [
      916000,
      28919.99999999996
    ],
    "scene3": [
      946000,
      71255.9863945578
    ],
    "scene4": [
      1019000,
      13055.986394557749
    ],
    "scene4DragAndDrop": [
      1034000,
      9720.000000000027
    ],
    "scene5": [
      1045000,
      28752.0181405896
    ],
    "scene6": [
      1075000,
      17664.013605442276
    ],
    "scene6Item1": [
      1094000,
      7368.004535147293
    ],
    "scene6Item2": [
      1103000,
      9215.98639455783
    ],
    "scene6Item3": [
      1114000,
      13968.00453514743
    ],
    "scene6_2": [
      1129000,
      13272.01814058958
    ],
    "scene7": [
      1144000,
      25992.018140589607
    ],
    "scene8": [
      1171000,
      18312.018140589542
    ],
    "scene9": [
      1191000,
      26759.999999999993
    ],
    "se_mudar": [
      1219000,
      29615.98639455792
    ],
    "usar1": [
      1250000,
      24215.986394557833
    ],
    "usar2": [
      1276000,
      19920.000000000073
    ],
    "usar_persona_tim": [
      1297000,
      44712.01814058964
    ]
  }
}